insert into MS_TEAM (TEAM_ID, TEAM_NM, UPPER_TEAM_ID, TEAM_NM_OLD, TEAM_LEADER_ID, TEAM_LEADER_ID_OLD, TEAM_NM_APP_DT, TEAM_TYPE, TEAM_LEADER_ID_APPDT, TEAM_DESC, TEAM_VIEW_START_DT, TEAM_VIEW_END_DT, REGI_USER_ID, REGI_DTTM, FINAL_MOD_USER_ID, FINAL_MOD_DTTM)
values ('SM0010','편의점/물류운영팀',''      ,'본부시스템운영팀','kim9hwan','you'   ,'20221001','01','20221001','편의점','20200101','99991231','basah','20200101','basah','20220101')
     , ('SM0011','가맹지원파트'     ,'SM0010','가맹지원파트'    ,'정우민'  ,'정우민','20221001','01','20221001','편의점','20221001','99991231','basah','20221001','basah','20221001')
     , ('SM0012','점포경영파트'     ,'SM0010','가맹지원파트'    ,'이영근'  ,'이영근','20221001','01','20221001','편의점','20221001','99991231','basah','20221001','basah','20221001')
     , ('SM0013','물류파트'         ,'SM0010','가맹지원파트'    ,'권만구'  ,'권만구','20221001','01','20221001','편의점','20221001','99991231','basah','20221001','basah','20221001')
;

insert into MS_USER 
values ('kim9hwan'   ,'김구환','01','GSITM','kim9hwan'   ,''        ,'M',NULL,NULL,'basah','20221021','basah','20221021')
     , ('backs49'    ,'권만구','01','GSITM','backs49'    ,''        ,'M',NULL,NULL,'basah','20221021','basah','20221021')
     , ('sanghwa3014','박상화','01','GSITM','sanghwa3014',''        ,'M',NULL,NULL,'basah','20221021','basah','20221021')
     , ('leecy'      ,'이충용','01','GSITM','leecy'      ,''        ,'M',NULL,NULL,'basah','20221021','basah','20221021')
     , ('hspark92'   ,'박현수','01','GSITM','hspark92'   ,''        ,'M',NULL,NULL,'basah','20221021','basah','20221021')
     , ('gnuwm'      ,'정우민','01','GSITM','gnuwm'      ,''        ,'M',NULL,NULL,'basah','20221021','basah','20221021')
     , ('basah'      ,'박상훈','01','GSITM','basah'      ,'ZZ00166' ,'M',NULL,NULL,'basah','20221021','basah','20221021')
     , ('jykim1'     ,'김진영','01','GSITM','jykim1'     ,'ZZ00599' ,'M',NULL,NULL,'basah','20221021','basah','20221021')
     , ('wjdmwl'     ,'정은지','01','GSITM','wjdmwl'     ,'ZZ00765' ,'M',NULL,NULL,'basah','20221021','basah','20221021')
     , ('sirty'      ,'윤석희','01','GSITM','sirty'      ,'ZZ00787' ,'M',NULL,NULL,'basah','20221021','basah','20221021')
     , ('yimsy'      ,'임상용','01','GSITM','yimsy'      ,'ZZ00788' ,'M',NULL,NULL,'basah','20221021','basah','20221021')
     , ('ixpert'     ,'박지만','01','GSITM','ixpert'     ,'43773652','M',NULL,NULL,'basah','20221021','basah','20221021')
     , ('iopqwas'    ,'김재욱','01','GSITM','iopqwas'    ,''        ,'M',NULL,NULL,'basah','20221021','basah','20221021')
     , ('poorin83'   ,'이영근','01','GSITM','poorin83'   ,''        ,'M',NULL,NULL,'basah','20221021','basah','20221021')
     , ('jhchoi'     ,'최진호','01','GSITM','jhchoi'     ,''        ,'M',NULL,NULL,'basah','20221021','basah','20221021')
     , ('kiesue'     ,'정기수','01','GSITM','kiesue'     ,''        ,'M',NULL,NULL,'basah','20221021','basah','20221021')
     , ('hhshin1'    ,'신현호','01','GSITM','hhshin1'    ,''        ,'M',NULL,NULL,'basah','20221021','basah','20221021')
     , ('swlee1'     ,'이상원','01','GSITM','swlee1'     ,''        ,'M',NULL,NULL,'basah','20221021','basah','20221021')
     , ('bori95'     ,'박승택','01','GSITM','bori95'     ,''        ,'M',NULL,NULL,'basah','20221021','basah','20221021')
;

insert into MS_TEAM_USER
values ('SM0011', 'kim9hwan'   ,'T001','F','20221001','99991231','basah','20221021','basah','20221021')
     , ('SM0011', 'backs49'    ,'L001','F','20221001','99991231','basah','20221021','basah','20221021')
     , ('SM0011', 'sanghwa3014','M001','F','20221001','99991231','basah','20221021','basah','20221021')
     , ('SM0011', 'leecy'      ,'M001','F','20221001','99991231','basah','20221021','basah','20221021')
     , ('SM0011', 'hspark92'   ,'M001','F','20221001','99991231','basah','20221021','basah','20221021')
     , ('SM0011', 'gnuwm'      ,'L001','F','20221001','99991231','basah','20221021','basah','20221021')
     , ('SM0011', 'basah'      ,'M001','F','20221001','99991231','basah','20221021','basah','20221021')
     , ('SM0011', 'jykim1'     ,'M001','F','20221001','99991231','basah','20221021','basah','20221021')
     , ('SM0011', 'wjdmwl'     ,'M001','F','20221001','99991231','basah','20221021','basah','20221021')
     , ('SM0011', 'sirty'      ,'M001','F','20221001','99991231','basah','20221021','basah','20221021')
     , ('SM0011', 'yimsy'      ,'M001','F','20221001','99991231','basah','20221021','basah','20221021')
     , ('SM0011', 'ixpert'     ,'M001','F','20221001','99991231','basah','20221021','basah','20221021')
     , ('SM0011', 'iopqwas'    ,'M001','F','20221001','99991231','basah','20221021','basah','20221021')
     , ('SM0011', 'poorin83'   ,'L001','F','20221001','99991231','basah','20221021','basah','20221021')
     , ('SM0011', 'jhchoi'     ,'M001','F','20221001','99991231','basah','20221021','basah','20221021')
     , ('SM0011', 'kiesue'     ,'M001','F','20221001','99991231','basah','20221021','basah','20221021')
     , ('SM0011', 'hhshin1'    ,'M001','F','20221001','99991231','basah','20221021','basah','20221021')
     , ('SM0011', 'swlee1'     ,'M001','F','20221001','99991231','basah','20221021','basah','20221021')
     , ('SM0011', 'bori95'     ,'M001','F','20221001','99991231','basah','20221021','basah','20221021')
;
